<application>
  <component name="FileTypeManager" version="18">
    <ignoreFiles list="*.iml;*.pyc;*.pyo;*.rbc;*.yarb;*apk;*~;.DS_Store;.git;.gradle;.hg;.idea;.svn;CVS;__pycache__;_svn;local.properties;vssver.scc;vssver2.scc;" />
    <extensionMap>
      <mapping ext="gradle.kts" type="Kotlin" />
      <mapping ext="main.kts" type="Kotlin" />
      <mapping pattern="nn" type="PLAIN_TEXT" />
      <mapping pattern="OaceOaT8w5Xda6wa" type="PLAIN_TEXT" />
      <mapping ext="msext" type="PLAIN_TEXT" />
      <mapping ext="groove" type="PLAIN_TEXT" />
      <mapping ext="bin" type="PLAIN_TEXT" />
      <mapping ext="dat" type="PLAIN_TEXT" />
      <mapping ext="arsc" type="PLAIN_TEXT" />
      <removed_mapping ext="apk" approved="true" type="ARCHIVE" />
      <removed_mapping ext="cpp" approved="true" type="ObjectiveC" />
      <removed_mapping ext="psd" approved="true" type="Image" />
    </extensionMap>
  </component>
</application>