<application>
  <component name="UpdatesConfigurable">
    <ignoredBuildNumbers>
      <item value="181.5281.24.32.4913314" />
      <item value="183.6156.11.34.5522156" />
      <item value="203.7717.56.2031.7583922" />
      <item value="emulator#30.8.3" />
      <item value="extras;intel;Hardware_Accelerated_Execution_Manager#7.6.5" />
      <item value="ndk-bundle#23.0.7344513 rc4" />
      <item value="platform-tools#31.0.3" />
    </ignoredBuildNumbers>
    <option name="LAST_BUILD_CHECKED" value="AI-211.7628.21.2111.8193401" />
    <option name="LAST_TIME_CHECKED" value="1659532763719" />
    <option name="THIRD_PARTY_PLUGINS_ALLOWED" value="true" />
  </component>
</application>