<keymap version="1" name="Eclipse copy 1" parent="Eclipse">
  <action id="$Copy">
    <keyboard-shortcut first-keystroke="ctrl c" />
    <keyboard-shortcut first-keystroke="meta c" />
  </action>
  <action id="$Paste">
    <keyboard-shortcut first-keystroke="ctrl v" />
    <keyboard-shortcut first-keystroke="meta v" />
  </action>
  <action id="CIDR.Lang.Cpp.GenerateDefinitions" />
  <action id="Diff.ShowSettingsPopup" />
  <action id="Editor Copy">
    <keyboard-shortcut first-keystroke="meta c" />
  </action>
  <action id="Editor Paste">
    <keyboard-shortcut first-keystroke="meta v" />
  </action>
  <action id="EditorContextInfo" />
  <action id="EditorSelectWord" />
  <action id="EditorToggleColumnMode">
    <keyboard-shortcut first-keystroke="q" />
  </action>
  <action id="EditorUnSelectWord" />
  <action id="GotoDeclaration">
    <keyboard-shortcut first-keystroke="f3" />
    <mouse-shortcut keystroke="meta button1" />
  </action>
  <action id="MoveLineDown">
    <keyboard-shortcut first-keystroke="shift alt down" />
  </action>
  <action id="MoveLineUp">
    <keyboard-shortcut first-keystroke="shift alt up" />
  </action>
  <action id="NextProjectWindow">
    <keyboard-shortcut first-keystroke="ctrl alt close_bracket" />
    <keyboard-shortcut first-keystroke="alt q" />
  </action>
  <action id="ReformatCode">
    <keyboard-shortcut first-keystroke="ctrl alt l" />
    <keyboard-shortcut first-keystroke="shift ctrl f" />
    <keyboard-shortcut first-keystroke="shift ctrl d" />
  </action>
  <action id="SmartSelect" />
  <action id="SmartUnSelect" />
  <action id="android.deploy.ApplyChanges">
    <keyboard-shortcut first-keystroke="ctrl meta e" />
  </action>
  <action id="android.deploy.CodeSwap">
    <keyboard-shortcut first-keystroke="shift ctrl meta e" />
  </action>
</keymap>