<keymap version="1" name="Eclipse (macOS) copy" parent="Eclipse (Mac OS X)">
  <action id="CloseActiveTab" />
  <action id="CloseContent" />
  <action id="Exit" />
  <action id="Images.Thumbnails.Hide" />
  <action id="NextProjectWindow">
    <keyboard-shortcut first-keystroke="alt q" />
  </action>
  <action id="android.deploy.ApplyChanges">
    <keyboard-shortcut first-keystroke="ctrl meta e" />
  </action>
  <action id="android.deploy.CodeSwap">
    <keyboard-shortcut first-keystroke="shift ctrl meta e" />
  </action>
</keymap>